original index,text,crowdsourced,dave,tim,jacob,fgcu_combined,llama3.1:8b-instruct-q8_0,deepseek-r1:14b,gpt-4o-mini,o3-mini
12234,"Hey thanks, I appreciate it!",joy,joy,joy,joy,joy,joy,joy,joy,joy
24303,I'm actually amazed we walked away with 2 points. That 2nd was one of the worst periods I've watched. [NAME] stole that period.,neutral,disgust,joy,surprise,,surprise,surprise,surprise,surprise
34179,"Still, it‚Äôs legal weed. Sorry, sad [NAME] here..",sadness,sadness,sadness,sadness,sadness,sadness,sadness,sadness,sadness
33745,"I love the guy who is like ""the analogy is daft. Cheese would sink"", like that isn't the point.",love,anger,anger,joy,anger,joy,joy,joy,joy
37891,maybe they need Congress to pass a bill to make the music softer than the dialogue,neutral,anger,anger,anger,anger,anger,neutral,anger,anger
7493,"I haven't ever considered my dense moments could be hormonal! That sounds like something I'd do, haha.",joy,surprise,surprise,surprise,surprise,joy,joy,joy,joy
34075,She got me into it so not wrong lol,joy,joy,joy,neutral,joy,joy,joy,joy,joy
36320,You can't be serious.,neutral,anger,anger,surprise,anger,surprise,surprise,surprise,surprise
1617,ü§£ wow... I read it all in a serious tone until the end! ü§£,joy,surprise,joy,joy,joy,joy,joy,joy,joy
30866,"And the secret weapon, in case of emergencies: TRIPPLE THE OFFENSE!",neutral,joy,joy,joy,joy,joy,surprise,anger,joy
23433,it's basically summer here right now. these posts are clueless.,anger,disgust,anger,surprise,,anger,anger,anger,anger
47794,Thoroughly entertaining.,joy,joy,joy,joy,joy,joy,joy,joy,joy
29652,I'd be a lot more excited to see [NAME] flash the leather at 3b.,joy,joy,neutral,joy,joy,joy,joy,joy,joy
5566,It‚Äôs ironically calling British people ugly as a meme i guess,sadness,disgust,disgust,anger,disgust,disgust,surprise,neutral,neutral
119,I KILL YOU SCUM,anger,anger,anger,anger,anger,anger,anger,anger,anger
45568,"I got over 900 responses, so it is taking more time that I expected, hopefully will be done by this Sunday.",joy,joy,neutral,joy,joy,neutral,neutral,neutral,neutral
23848,The future is now old man,neutral,joy,anger,neutral,,surprise,anger,anger,anger
34214,"Thank you, I love Heart and Zeppelin and haven't seen that till now.",joy,joy,joy,joy,joy,joy,joy,joy,joy
45263,Everything in here I want but all we can do is pray to [NAME] for our wishes to come true,neutral,joy,joy,sadness,joy,sadness,joy,sadness,joy
27720,This South Florida girl loves Jaxons Ice Cream. Seeing the kitchen sink makes me want to drive home.,love,joy,joy,joy,joy,joy,joy,joy,disgust
9200,That's my favorite! It smells so good without being overpowering.,joy,joy,joy,joy,joy,joy,joy,joy,joy
8172,"Exactly right about throwing $23M at Donaldson. I mean, are we going for it this year or not? Mixed signals...",neutral,fear,sadness,surprise,,anger,neutral,anger,anger
48562,Thanks so much! I'll let you know how it goes when I get a chance to try it :),joy,joy,joy,joy,joy,joy,joy,joy,joy
35079,"Yeah I regret ever moving to Leduc. It's one of the most backwoods, proud-to-be-ignorant communities I've ever seen.",sadness,disgust,disgust,disgust,disgust,disgust,sadness,anger,disgust
45773,I‚Äôm so glad I watched this entire thing. That‚Äôs incredible.,joy,joy,joy,joy,joy,joy,joy,joy,joy
46060,#On a rainy day I dont accept any doordash requests unless there is a minimum of $5 bonus,neutral,neutral,neutral,neutral,neutral,neutral,neutral,neutral,neutral
29753,"That's capitalism for you, don't worry though. There's another recession on the way.",joy,anger,fear,sadness,,neutral,anger,neutral,neutral
34670,[NAME] damn it [NAME]!,anger,anger,anger,anger,anger,anger,anger,anger,anger
1981,There will *always* someone gaming the system. Always. I still donate food for the other 999 people that really need assistance to get over a tough time.,neutral,joy,joy,anger,joy,sadness,anger,anger,anger
2806,"Makes me glad I'm almost 50, and all this is stuff I will never ever experience, and frankly can hardly fathom.",joy,fear,fear,fear,fear,sadness,joy,joy,joy
46048,So thankful for the conclusion. Having no idea how this played out was definitely going to haunt me,joy,surprise,surprise,joy,surprise,joy,joy,joy,joy
44453,It was magic.,neutral,joy,joy,joy,joy,joy,joy,joy,joy
3092,Or if he *is* you on another account... Your online self-flagellation isn't doing anyone any good.,neutral,disgust,anger,anger,anger,anger,disgust,anger,anger
31625,Pretty poor shots mostly. Couple of great saves from [NAME] though.,neutral,sadness,sadness,joy,sadness,sadness,neutral,neutral,neutral
21563,So cute and there would be nothing with talking to her about it after and both being on the same page,joy,joy,joy,joy,joy,joy,joy,joy,joy
39094,in what universe? lol the mr. blue sky cover is one of the best on the album imo.,joy,anger,anger,disgust,anger,joy,surprise,joy,joy
22924,The remix is funny man.,joy,joy,joy,neutral,joy,joy,joy,joy,joy
16202,Please go to urgent care and get some antibiotics if you have not already. UTIs can become serious if they go untreated.,joy,joy,fear,fear,fear,sadness,neutral,neutral,neutral
3655,Love hearing stories like this. [NAME] holy Priests are such a gift. We must always give thanks and pray for them.,joy,joy,joy,joy,joy,joy,joy,joy,joy
5682,Quit serving money and [NAME] will feed you.,surprise,anger,anger,anger,anger,anger,neutral,anger,anger
146,"You got it, thanks!",joy,joy,joy,joy,joy,neutral,joy,joy,joy
20415,>People can literally have conversations with each other just using google. My nipples explode with delight!,neutral,joy,joy,joy,joy,joy,joy,joy,joy
11013,"Doesn‚Äôt sound like it‚Äôs going to work out, sorry dude",anger,sadness,sadness,sadness,sadness,sadness,sadness,sadness,sadness
19806,Nothings better then 2 teams that know exactly wut happend/parents that saw the game two coaches and a ref no good lawyer needed rlly just those people to talk,anger,joy,anger,joy,joy,anger,joy,joy,joy
33349,Also you forget to say how it triggers an Id check which only a assistant can circumvent,neutral,neutral,anger,neutral,neutral,anger,neutral,neutral,neutral
2173,It‚Äôs pretty cringe,fear,disgust,disgust,anger,disgust,disgust,disgust,disgust,disgust
23938,Can you expand a bit? That would be interesting for us that are not in the know.,surprise,surprise,surprise,surprise,surprise,joy,neutral,neutral,neutral
16388,Feels like bathing in warm piss. Can't wait until summer is over.,neutral,disgust,disgust,disgust,disgust,disgust,disgust,disgust,disgust
13732,Always worth a try. Good luck!,joy,joy,joy,joy,joy,joy,joy,joy,joy
5510,really odd choose with pairing slack and sunfan together. These 2 should always be paired with a high IQ caster,neutral,disgust,surprise,surprise,surprise,anger,surprise,anger,anger
30586,"Anything other than harassing motorists or worse, pretty simple.",neutral,anger,anger,anger,anger,anger,neutral,anger,neutral
858,Haha yeah. But still very nice of Ben I hope that the people who got it will use it 24/7,joy,joy,joy,joy,joy,joy,joy,joy,joy
10139,Then I find writing of us only eating it during winter strange.,neutral,surprise,surprise,surprise,surprise,surprise,surprise,surprise,surprise
32710,lol what? The worst defense in the league? [NAME] its like we're trying to tank.,joy,surprise,anger,surprise,surprise,anger,anger,anger,anger
13770,"To distinguish it from regular, every day, healthy, non-harmful, non-toxic masculinity of course.",neutral,anger,neutral,disgust,,anger,joy,disgust,neutral
25860,Posts like these make it more and more clear how creepy [NAME] is,neutral,disgust,disgust,disgust,disgust,disgust,disgust,disgust,disgust
41416,"What a horrible way to find out, though. My sympathies to the dead man.",fear,sadness,sadness,sadness,sadness,sadness,sadness,sadness,sadness
46816,It's not *literally* the same investigation.,anger,disgust,anger,anger,anger,surprise,neutral,anger,neutral
29440,"I am sure that whatever happens in the end, [NAME] will fuck it up.",anger,disgust,anger,anger,anger,anger,anger,anger,anger
29469,"I do not see how that is disgusting. She's cleaning her self and had a discharge, so what? ",disgust,surprise,anger,surprise,surprise,disgust,neutral,anger,neutral
5321,"I, personally, am excited to have another agent to make the lab numbers look pretty while the patient dies. ",joy,anger,anger,disgust,anger,sadness,joy,disgust,joy
29300,You‚Äôre mean,neutral,anger,anger,anger,anger,sadness,anger,anger,anger
1281,Let them argue. We've never done anything remotely as bad as MOST OF THE WORLD does routinely.,anger,disgust,anger,anger,anger,anger,neutral,anger,anger
3998,"A one-line whip is still whipping against, although it is a pretty disappointing decision.",sadness,sadness,sadness,sadness,sadness,sadness,sadness,sadness,sadness
8230,Good loss for the tank. [NAME] and [NAME] played really well.,joy,joy,sadness,joy,joy,joy,joy,neutral,joy
15575,How she used the entire video without any editing.... that‚Äôs copyright,surprise,anger,anger,anger,anger,disgust,anger,anger,neutral
10600,Thank you! That's the explanation I was looking for.,joy,joy,joy,joy,joy,joy,joy,joy,joy
15431,"Same here. And I really dislike strangers and groups, so groups of strangers are a next-level nightmare. ",anger,fear,fear,fear,fear,fear,fear,fear,disgust
38886,"Because, ‚Äúnah you guys go ahead‚Äù",joy,neutral,neutral,neutral,neutral,neutral,neutral,neutral,neutral
34136,Coincidence vs correlation vs causation,neutral,anger,neutral,neutral,neutral,neutral,neutral,neutral,neutral
31470,I dislike [NAME] more and more. Big ego and small feet.,anger,disgust,anger,anger,anger,anger,anger,anger,anger
19633,My [NAME]. If only,neutral,anger,anger,fear,anger,sadness,sadness,sadness,sadness
3265,Here‚Äôs hoping this ends soon lol,joy,sadness,sadness,anger,sadness,sadness,joy,neutral,neutral
28374,Feeling the hatred towards that person I get. Actually running them off the road and holding them at gunpoint? No way. No way to justify that.,anger,anger,anger,disgust,anger,anger,anger,anger,anger
36877,I'm excited as a Lions fan.,joy,joy,joy,joy,joy,joy,joy,joy,joy
18351,If you use one of those two I automatically hate you,anger,disgust,anger,disgust,disgust,anger,anger,anger,anger
10414,"No seriously, why do you have the Daily Mail app on your phone?",surprise,disgust,surprise,surprise,surprise,disgust,disgust,disgust,anger
43247,Whoever told you that is lying.,neutral,anger,anger,anger,anger,anger,anger,anger,anger
34450,"Where exactly is the irony? His name is not [NAME], and the title, bio, and picture contain no related jokes. ",surprise,surprise,surprise,surprise,surprise,surprise,neutral,neutral,neutral
28948,This is currently my situation with Metal Gear Solid,neutral,neutral,neutral,neutral,neutral,neutral,neutral,neutral,neutral
3608,"Go ahead and take them panties off too, we need this OT goal.",neutral,joy,fear,fear,fear,joy,joy,joy,joy
1644,"No, I definitely understand that feel and empathize. That can be hard to deal with. How have you been as of late?",joy,sadness,joy,sadness,sadness,sadness,sadness,joy,sadness
34428,Thanks! There are so many resources available. Thank you for telling me about one that actually helped you,joy,joy,joy,joy,joy,joy,joy,joy,joy
45314,Haha thanks for the warning but we met with her irl before :D,joy,joy,joy,joy,joy,joy,joy,joy,joy
48156,That is one big pile of cringe.,neutral,disgust,disgust,disgust,disgust,disgust,disgust,disgust,disgust
14257,"I didn't delete it. Your moderators did. But that's what [NAME] do, they ",neutral,anger,anger,neutral,anger,anger,anger,anger,anger
8070,I'm not really interested in collecting them but I do enjoy watching videos of people who restore old hotwheels.,joy,joy,joy,joy,joy,joy,joy,neutral,joy
14252,but time is meaningless,surprise,neutral,sadness,sadness,sadness,neutral,neutral,neutral,neutral
14466,"Wow, you weren't instantly downvoted hundreds of times. The omniscum must have had a salad once and got a protein deficancy.",surprise,disgust,disgust,surprise,disgust,anger,surprise,anger,anger
13423,You weren‚Äôt supposed to know. You‚Äôre not psychic. He‚Äôs being unreasonable,neutral,anger,anger,anger,anger,anger,anger,anger,anger
16700,I can‚Äôt believe I‚Äôm agreeing with [NAME].,surprise,surprise,disgust,surprise,surprise,surprise,surprise,surprise,surprise
27111,Now that you live alone you don't have money left to buy a dishwasher,neutral,sadness,sadness,neutral,sadness,anger,neutral,sadness,anger
15946,I‚Äôm super proud of him. Great guy!,joy,joy,joy,joy,joy,joy,joy,joy,joy
34600,This is pretty bad advice. Do not use dreams own encryption. And do not use things such as igolder,anger,disgust,anger,anger,anger,disgust,anger,anger,anger
38811,"Mail Call, great show, have all of 'em preserved for history. RIP",joy,joy,sadness,sadness,sadness,sadness,joy,sadness,sadness
37822,Would be fun if our sun was like this :3,joy,joy,joy,joy,joy,joy,joy,joy,joy
35632,I totally agree with you. Porn is unnatural and creates honorless cuckolds.,joy,disgust,disgust,disgust,disgust,anger,disgust,anger,anger
31592,"Oh wow okay, where can I get a wind proof lining beaning or scarf? And do I have to cover my eyes or anything?",surprise,surprise,surprise,surprise,surprise,surprise,surprise,surprise,anger
5593,Damn he has a kid with evan rachel wood too. He gets all the honies.,neutral,joy,sadness,joy,joy,joy,anger,surprise,surprise
27519,"I am only sharing what my friends said, what their experience was. I found that a bit surprising.",surprise,surprise,surprise,surprise,surprise,surprise,surprise,surprise,surprise
27728,You‚Äôve never shit yourself as an adult?? If an adult can then a kid definitely can,neutral,surprise,surprise,surprise,surprise,anger,surprise,surprise,anger
37463,The best part of adult snow days is no make-up!,joy,joy,joy,joy,joy,joy,joy,joy,joy
24343,don't we all hate them?,neutral,surprise,surprise,surprise,surprise,anger,anger,anger,anger
20896,"Thanks? Lol. Pairing [NAME] or [NAME] with [NAME], defensively, though? Yikes, to say the least.",joy,disgust,fear,disgust,disgust,disgust,surprise,disgust,disgust
40672,No doubt would start at wing. We need help there and it would help ease him in,neutral,neutral,fear,joy,,joy,neutral,neutral,neutral
6397,The comment thread is a hot mess and wouldnt be out of place in 2016. How do things not change....,sadness,disgust,anger,disgust,disgust,sadness,anger,anger,anger
7928,"I would like a link as well, please. :)",joy,joy,joy,joy,joy,joy,joy,joy,joy
1946,hit or miss would anybody care or miss huh..? aint nobody love me and ma dad also left me yuh...,sadness,sadness,sadness,sadness,sadness,sadness,sadness,sadness,sadness
20263,"Recover well. (Argh, my english is too terrible üá≤üá´)",joy,joy,joy,joy,joy,sadness,anger,sadness,neutral
35653,"GOW always had combat challenges, they just inegrated it more seemlessly this time, instead of having it in a seperate mode in the menu.",neutral,neutral,anger,neutral,neutral,joy,joy,neutral,neutral
13149,That's great! You got this!,joy,joy,joy,joy,joy,joy,joy,joy,joy
37378,Ohh it gets even more interesting:,joy,joy,joy,surprise,joy,surprise,joy,joy,surprise
13695,What goes up must come down.,neutral,neutral,neutral,neutral,neutral,neutral,neutral,neutral,neutral
22443,Who the fuck leaves a hot iron on the couch,anger,anger,anger,anger,anger,disgust,anger,anger,anger
1318,Has anyone else realized that there are 16 [NAME] on this glorious movie poster?,surprise,joy,joy,surprise,joy,joy,joy,joy,joy
36986,I feel like they missed a good opportunity to make the track in the shape of Texas.,neutral,sadness,sadness,neutral,sadness,neutral,sadness,sadness,sadness
2878,AE think that's looking harder and harder to defend?,neutral,anger,anger,surprise,anger,sadness,anger,anger,anger
32755,Done it since I was a kid I was very edgy,fear,sadness,sadness,neutral,sadness,joy,joy,neutral,neutral
16879,"Oh, a crow... Doh!",neutral,surprise,joy,surprise,surprise,surprise,surprise,surprise,surprise
22048,Ugh I am in this same place right now. Dating a husband whose wife calls all the shots. I feel for you.,sadness,sadness,sadness,sadness,sadness,sadness,sadness,anger,sadness
29863,Big thanks dude! This will really help me out,joy,joy,joy,joy,joy,joy,joy,joy,joy
40863,DAE hate unnecessarily salty people like OP?,neutral,anger,anger,surprise,anger,anger,anger,anger,anger
9066,"Heads up guys before you scrutinize me, Yes I know it's ED not ER apologies in advance :)",neutral,fear,sadness,fear,fear,sadness,neutral,neutral,neutral
29289,The only thing I find disconcerting about this is that you use tongs to stir the pan.,neutral,fear,surprise,anger,,disgust,fear,surprise,surprise
38135,Omg saucepan what a daring and unconventional look!!!11,surprise,disgust,joy,joy,joy,joy,joy,joy,joy
28519,LOL at this question! If he follows the sub...just read the topics for opinions! I call BS!,joy,anger,anger,anger,anger,anger,joy,anger,anger
23010,"And people try to hold that against [NAME] when they should hold that against the Packers organization and Front Office...Their Front Office stopped trying, not [NAME].",anger,anger,anger,anger,anger,anger,anger,anger,anger
26139,"Don't worry, nobody expects much from you people anyways.",neutral,disgust,anger,disgust,disgust,anger,anger,anger,anger
40500,I'm just really sad all that cake was wasted.,sadness,sadness,sadness,sadness,sadness,sadness,sadness,sadness,sadness
45231,The myth is about selling shirts. Signing [NAME] opens up much more money making opportunities like commercials.,joy,neutral,anger,neutral,neutral,neutral,neutral,neutral,neutral
1150,Australian here. I hereby agree that this does in fact provoke nightmares.,joy,fear,fear,fear,fear,fear,fear,fear,fear
1398,I wouldn't be surprised if the Cheetos dust was coming out of his sweat.,surprise,disgust,disgust,disgust,disgust,disgust,disgust,surprise,joy
32601,"Good job! Next, I recommend going NO contact.",joy,joy,joy,anger,joy,anger,joy,joy,joy
3580,[NAME] also tends to out vote [NAME] in polls in my experience,neutral,neutral,neutral,neutral,neutral,neutral,neutral,neutral,neutral
30022,AND KEEP ACKBAR,neutral,fear,anger,anger,anger,joy,neutral,anger,joy
13411,Man I wish they wouldn‚Äôt,joy,fear,fear,anger,fear,sadness,sadness,sadness,anger
14731,"I mean, [NAME] really is downplaying the guys‚Äô friendship. That‚Äôs suspect to me.",neutral,fear,fear,surprise,fear,anger,anger,anger,anger
11636,Love the cheese!,love,joy,joy,joy,joy,joy,joy,joy,joy
18172,Damn we needed that layup,neutral,sadness,sadness,sadness,sadness,joy,joy,joy,joy
10823,Mr. [NAME]! Nooooo!,anger,sadness,sadness,sadness,sadness,sadness,surprise,sadness,sadness
27360,Weird but interesting nonetheless.,joy,surprise,surprise,surprise,surprise,surprise,surprise,surprise,surprise
42240,"Lmao, this guy is a tool.",joy,disgust,anger,anger,anger,anger,joy,anger,joy
17334,"Sicko mode is on a whole new level, it cant be compared.",anger,joy,joy,joy,joy,joy,surprise,joy,joy
20970,Such a cool pic! Really wish the moon was in the dead middle though üôÉüôÉ,joy,joy,joy,joy,joy,joy,joy,joy,joy
16072,If it weren't already so delayed,neutral,anger,sadness,anger,anger,sadness,anger,anger,anger
38060,"Im not in a hurry, its my goal for brawlhalla. But after hearing how many hours people have, its gonna be a long journey",joy,surprise,fear,fear,fear,sadness,neutral,neutral,neutral
26325,"If he saw it as something regrettable and possibly embarrassing, and has grown, eh. We all have something embarrassing in our past.",sadness,joy,joy,neutral,joy,joy,neutral,neutral,neutral
20876,"Liberal circlejerk ‚Äú o ya those conservatives suck‚Äù 10,000 upvotes",neutral,disgust,anger,anger,anger,anger,anger,anger,anger
25889,Them or me? I like to catch up on it in the afternoon and drinking helped with the last few.,neutral,neutral,sadness,surprise,,neutral,sadness,neutral,neutral
35770,I stopped watching after I had to suffer through a whole episode without [NAME] removing his shirt,joy,anger,sadness,disgust,,disgust,anger,anger,anger
45207,ift yourself up on your feet! Let's get it on!,neutral,joy,joy,joy,joy,joy,joy,joy,joy
441,I've been there. It's one of the most diverse places on Earth.,joy,joy,joy,joy,joy,joy,joy,neutral,neutral
7355,I don't think that's how shadowy military organizations work [NAME].,neutral,anger,anger,surprise,anger,neutral,neutral,neutral,neutral
16913,"*""Wow""*",joy,surprise,anger,joy,,surprise,surprise,surprise,surprise
15367,Why are they asking women and nonwhites specifically?,neutral,anger,anger,surprise,anger,anger,anger,surprise,anger
40478,This thread was actually inspired by one of your comments,joy,joy,neutral,neutral,neutral,joy,joy,neutral,neutral
3013,Oh. Well then.,neutral,surprise,sadness,sadness,sadness,neutral,neutral,surprise,neutral
20431,Looks like modern art tbh but its good,joy,joy,sadness,joy,joy,neutral,joy,joy,joy
29591,My 2 year old loves Word Party. Story Bots is another good Netflix option.,love,joy,joy,joy,joy,joy,neutral,joy,joy
31877,"[NAME] fan here, He did trade [NAME], it was for a 2018 4th and 2019 7th.",neutral,neutral,neutral,neutral,neutral,neutral,neutral,neutral,neutral
21052,He really do be like that.,neutral,joy,joy,neutral,joy,neutral,neutral,neutral,neutral
32893,Lol always a creepy mike,joy,joy,fear,joy,joy,disgust,joy,disgust,disgust
6543,‚ÄúStart caring about Reddit downvotes‚Äù has to be the weirdest life advice I‚Äôve received in years.,anger,surprise,anger,surprise,surprise,surprise,surprise,surprise,surprise
15959,Omg lmfao!!,surprise,joy,joy,joy,joy,joy,joy,joy,joy
47623,"Especially given today's hyperawareness of sexual harassment, it seems like the smart thing to do, to me.",joy,fear,neutral,fear,fear,neutral,neutral,neutral,neutral
21825,the act of using private companies as platforms to push indoctrination is no less vile than state run companies,anger,disgust,disgust,disgust,disgust,disgust,disgust,disgust,disgust
24003,It would be a crime to not invite him.,neutral,joy,anger,joy,joy,joy,anger,joy,joy
22345,"LOL yes, this guy might not be too bright. ",joy,joy,anger,anger,anger,joy,joy,joy,joy
5267,Hahaha I was gonna put one of those but I couldn‚Äôt remember what they were,joy,joy,surprise,surprise,surprise,joy,joy,joy,joy
2921,I tried at a joke that relates to the post...,joy,sadness,sadness,neutral,sadness,neutral,neutral,neutral,neutral
34478,"Thanks, it was no effort at all.",joy,joy,joy,joy,joy,neutral,joy,neutral,neutral
5103,"I used to be subscribed to [NAME] channel. I know we all have troubled pasts, but man...",neutral,disgust,sadness,disgust,disgust,sadness,sadness,sadness,sadness
46991,No!!! I love emojis üòéüòéüòÅüòÅüòÅüòÅüíñüéâ,love,joy,fear,joy,joy,joy,joy,joy,joy
6590,Yeah my guess at this point is either a 2 year bridge or 8x8.,surprise,neutral,neutral,neutral,neutral,neutral,neutral,neutral,neutral
47735,I like where you‚Äôre going with this....,neutral,joy,joy,joy,joy,joy,joy,joy,joy
47381,Ugh. What a way to go.,neutral,sadness,sadness,anger,sadness,sadness,anger,disgust,disgust
28578,"YES [NAME], we're rooting for you! üéâüéâ",joy,joy,joy,joy,joy,joy,joy,joy,joy
34071,"This picture is a prime example that [NAME] are intolerant douchebags who will always demonize wealth, fame, and entertainment.",disgust,anger,anger,anger,anger,anger,anger,anger,anger
12713,The hardship of having the future meet the present. (or something),neutral,sadness,sadness,anger,sadness,neutral,sadness,sadness,sadness
5771,Omg it‚Äôs like you‚Äôre taking the words from my mind.,surprise,joy,surprise,surprise,surprise,joy,surprise,joy,surprise
1116,i still remember by my first dodger game in 2001,neutral,joy,joy,joy,joy,joy,joy,joy,neutral
27213,Expect the unexpected [NAME] funding secured.,joy,surprise,joy,surprise,surprise,joy,surprise,surprise,surprise
41336,I rarely like or comment on YouTube. But I make hella playlists so I guess I use it more as a tool than a community.,joy,neutral,surprise,neutral,neutral,neutral,neutral,neutral,neutral
10800,"35k? That's just crazy. Mine was less than 2k, and that includes the wedding dress.",surprise,disgust,surprise,surprise,surprise,surprise,surprise,surprise,surprise
42518,True. Icing all three of your villains for the duration of the film is a bad idea. They need to be making moves.,neutral,anger,anger,anger,anger,anger,anger,neutral,neutral
9242,OH YEAH ITS FINE,neutral,joy,anger,joy,joy,anger,anger,joy,anger
15127,Just sitting in the fast lane fishing for tickets. Ugh.,anger,disgust,disgust,anger,disgust,disgust,anger,disgust,disgust
29725,Your work is amazing! Really like the Rugrat one. The melting style is so cool. Prices are very reasonable for the quality too,joy,joy,joy,joy,joy,joy,joy,joy,joy
35231,Aw poor kid. At least he has a bomb-ass name. Too bad he probably doesn't remember it anymore.,sadness,sadness,sadness,sadness,sadness,sadness,sadness,sadness,sadness
7064,Is it her turn this time?,neutral,surprise,surprise,surprise,surprise,surprise,neutral,neutral,neutral
42867,I find that relatable: I too am terrified of myself.,fear,fear,fear,fear,fear,fear,fear,fear,fear
6824,"Like the [NAME] twins, I guess.",neutral,neutral,neutral,neutral,neutral,neutral,neutral,neutral,neutral
26837,"Oh [NAME], even if I had a bf I would be ashamed to have him do that for ",sadness,disgust,fear,disgust,disgust,sadness,sadness,disgust,anger
5023,He already sucks. Let‚Äôs just nerf him some more.,anger,disgust,anger,anger,anger,anger,anger,anger,anger
23628,That‚Äôs not true. She represents those who voted her into power.,anger,anger,anger,anger,anger,anger,neutral,anger,neutral
11330,350 calories The large is 20 oz and it‚Äôs 140 per 8 oz so 350,neutral,neutral,neutral,neutral,neutral,neutral,neutral,neutral,neutral
24910,I just got got and I like it,joy,joy,joy,joy,joy,joy,joy,joy,joy
41388,That woman is on the fast track to being ostracized from that group real quick.,neutral,disgust,anger,anger,anger,anger,disgust,anger,anger
11888,You mean the millions of college grads living with their parents?,surprise,sadness,sadness,surprise,sadness,anger,neutral,anger,neutral
4783,Ooh I might try that,neutral,joy,surprise,surprise,surprise,joy,joy,joy,joy
10188,"I‚Äôve been on team [NAME] since he won the axe toss competition after the draft, lol",joy,joy,joy,joy,joy,joy,joy,joy,joy
1630,Playing pig so you can tbag survivors.,neutral,joy,anger,neutral,,anger,anger,anger,anger
19847,"Run, run Run for the roses Quicker it opens Sooner it closes Man oh man oh friend of mine All good things in all good time",neutral,joy,joy,joy,joy,neutral,joy,joy,joy
2810,Don‚Äôt say his name!!,neutral,fear,anger,fear,fear,fear,fear,anger,anger
11512,"12 years, that's it? Psh I've been dating my gf for 20 and engaged for 10 years",neutral,joy,joy,surprise,joy,anger,joy,anger,anger
24330,[NAME] is poor now so it's open season,neutral,joy,anger,anger,anger,anger,anger,anger,anger
44981,"I remember when two captured ISIS members were discovered to have ordered a book called ""[RELIGION] for dummies"" from Amazon.",neutral,joy,joy,neutral,joy,neutral,surprise,surprise,neutral
44461,You've violated rule 4. Please adhere to the rules of engagement.,anger,anger,anger,neutral,anger,anger,neutral,neutral,neutral
45696,> Corporate Media I like this one.,love,anger,anger,joy,anger,joy,joy,joy,joy
33857,Was Netflix ever $7.99 for HD streaming?,surprise,surprise,surprise,surprise,surprise,neutral,neutral,neutral,neutral
25769,"Depay being a flop at United comes to mind, so good now.",joy,joy,sadness,joy,joy,joy,joy,joy,joy
45506,"Well, quite. Now I‚Äôm all annoyed.",anger,anger,anger,anger,anger,anger,anger,anger,anger
43162,They must have seen you.,neutral,neutral,surprise,neutral,neutral,fear,neutral,neutral,neutral
39833,Sign my name to it too lol it was so awful we deserve pain and suffering for that!,disgust,joy,sadness,sadness,sadness,anger,anger,anger,sadness
27375,"RemindMe! April 26, 2019",neutral,neutral,neutral,neutral,neutral,neutral,neutral,neutral,neutral
41626,"Hello, Could you try exiting the game and restarting? Please let us know if you're still getting the pop-up afterward. Thanks!",joy,surprise,surprise,joy,surprise,neutral,neutral,neutral,neutral
1753,That's the spirit ü§£ for me it's more about strangers wanting to hug me. But you do you üòé,joy,disgust,joy,joy,joy,joy,joy,joy,joy
26283,The absolute subhuman filth that worships [NAME] will believe that this isn't even a photoshop,joy,disgust,disgust,disgust,disgust,anger,anger,anger,anger
25367,Prayers for Dipo you guys. Just had a gruesome injury,joy,sadness,sadness,fear,sadness,sadness,sadness,sadness,sadness
30972,"I was impressed by your company in the initial post, but now I see they tried to fire you for their mistake. Glad you had some backing!",surprise,anger,joy,joy,joy,joy,joy,joy,joy
37771,This is the same federal government that's been shut down for the last month?,surprise,surprise,anger,surprise,surprise,anger,surprise,anger,anger
15698,"More insults, [NAME] said my bit now all you have is a show that proves what I said to be the truth, nothing more nothing less.",sadness,anger,anger,anger,anger,anger,anger,anger,anger
7846,"So sounds like she was raped, and she seriously needs to press charges, this bartender needs to be raped in prison big time.",anger,disgust,anger,anger,anger,anger,anger,anger,anger
20131,Oh fuck off. Soooo...... when is [NAME] and the gang going to un mask [NAME] as President [NAME]?,anger,anger,anger,anger,anger,anger,anger,anger,anger
39328,I just see two inflated peacocks with a dumb and disgusting look in their face. But unfortunately I am not the gender evaluating them.,neutral,disgust,disgust,anger,disgust,disgust,disgust,disgust,disgust
25799,I know from personal experience that that can be the end of any good relationship.,joy,sadness,sadness,sadness,sadness,sadness,sadness,sadness,sadness
27580,"Haha, no I mean the kind of disposable powerups in a mobile game. Not console/PC games.",neutral,joy,joy,neutral,joy,joy,joy,joy,joy
1133,Took me a few time watching it to realize that was a man and not a child.,surprise,surprise,surprise,surprise,surprise,surprise,surprise,surprise,surprise
32840,"Right? That's news to me. I'll be excited when that happens, I wonder how that works.",joy,surprise,surprise,surprise,surprise,surprise,joy,joy,joy
45455,Fucking parking in the middle of the street through the entire strip of Allegheny,anger,anger,anger,anger,anger,anger,anger,anger,anger
6989,I don‚Äôt get it. Does r/sardonicast actually believe that BP is highly overrated?,surprise,surprise,surprise,surprise,surprise,surprise,surprise,surprise,surprise
23908,Can someone put it in slow mo,neutral,neutral,surprise,neutral,neutral,surprise,joy,neutral,neutral
5571,"So..the head [NAME], is afraid of being rammed?",surprise,surprise,anger,surprise,surprise,surprise,fear,fear,surprise
4013,Really? I only remember the one in the movie (which did kinda weird me out),surprise,surprise,surprise,surprise,surprise,surprise,surprise,surprise,fear
1752,Maybe she was having a bad day. But then again at least say hi.,neutral,anger,anger,joy,anger,sadness,anger,sadness,anger
48084,"I appreciate the dedication, but they really didn't have to be silent for three quarters of the game.",joy,anger,sadness,anger,anger,sadness,anger,anger,anger
44500,"I like this, but it doesn‚Äôt quite convey the horrifying rotting smell. It sounds sort of cute! She was not lol ",joy,disgust,disgust,joy,disgust,disgust,disgust,disgust,joy
34108,It‚Äôs a shame there is no sound lol,joy,sadness,sadness,anger,sadness,sadness,sadness,sadness,sadness
9340,That was glorious.,joy,joy,joy,joy,joy,joy,joy,joy,joy
27482,I like it I just wish he‚Äôd drop the m and apostrophe,joy,sadness,sadness,neutral,sadness,sadness,joy,neutral,joy
44314,Impact? I'm merely interested in how low you will sink.,surprise,disgust,anger,disgust,disgust,anger,anger,anger,anger
38895,"It makes sense, just don't expect much thanks from the rest of them.",joy,anger,sadness,anger,anger,sadness,neutral,sadness,neutral
36078,He always missed that key 3rd down catch to keep the drive alive,neutral,sadness,sadness,neutral,sadness,neutral,anger,anger,anger
48079,"Beans, yo! I used to hate them but now I sometimes just eat a can of beans for a meal. They are hella filling too.",joy,joy,joy,joy,joy,joy,joy,joy,joy
43072,Apparently we are tragedies!,neutral,surprise,anger,anger,anger,sadness,surprise,sadness,sadness
14738,Is she worse than [NAME] though?,surprise,surprise,disgust,surprise,surprise,anger,neutral,neutral,anger
30744,What a great response!!,joy,joy,joy,joy,joy,joy,joy,joy,joy
5778,"i see it in a different way, but i understand why you see it like that",joy,neutral,surprise,neutral,neutral,neutral,neutral,neutral,neutral
13583,[NAME] YES!!!,joy,joy,joy,joy,joy,joy,joy,joy,joy
7175,Omg I‚Äôd happily live in Cape Town instead of the US!! It‚Äôs literally one of my favorite cities on earth!!,joy,joy,joy,joy,joy,joy,joy,joy,joy
17061,> and no one but angry community fanboys have pushed back against his statements.,anger,disgust,anger,anger,anger,anger,anger,anger,anger
21748,"Hang on, I'll see if I can find them and then I'll get back to you. :-)",neutral,joy,joy,joy,joy,neutral,joy,neutral,joy
12211,A is just horrifying. If she were to die I‚Äôd want her to go painlessly,joy,fear,fear,sadness,fear,sadness,fear,disgust,disgust
9488,Don‚Äôt forget sports gambling. THEN we‚Äôll be happy.,joy,neutral,joy,joy,joy,surprise,joy,anger,anger
26434,I should have at your list that I only hope he gets elected!,neutral,joy,joy,joy,joy,joy,joy,neutral,joy
3798,I rly like trench coats Not not in that combination tho,love,disgust,anger,disgust,disgust,surprise,neutral,disgust,joy
13627,i met the only girl on the planet who can deal with my headass and still look at me and tell me she loves my anyway,neutral,joy,joy,joy,joy,joy,joy,joy,joy
16400,I wish AOC was old enough to run for president,joy,joy,sadness,sadness,sadness,joy,joy,joy,anger
19088,This video is so very Polish.,neutral,neutral,joy,neutral,neutral,joy,neutral,neutral,neutral
40796,Some aren't. Either way it's a mystery how they obrained so many M1s.,neutral,surprise,surprise,surprise,surprise,surprise,surprise,neutral,surprise
46684,"Can't wait till the home game in March... And a portland okc playoff series would be ""lit af"" ",neutral,joy,joy,joy,joy,joy,joy,joy,joy
29420,But what if he feels like his position is appealing to those the [NAME] have left behind?,neutral,surprise,surprise,surprise,surprise,neutral,neutral,neutral,neutral
28816,The University of Essex was a mistake. They're not even good at sports.,anger,disgust,anger,anger,anger,anger,anger,anger,anger
40075,Trade up for Haskins. If that doesn't happen give me Greedy.,neutral,neutral,joy,neutral,neutral,neutral,neutral,neutral,neutral
26247,"And then another guy comments to congratulate him on getting a comment from her, wishing he could one day get the same. Maaan o man. ",neutral,disgust,sadness,disgust,disgust,anger,surprise,surprise,joy
3157,"I almost downvoted you, because ‚ÄúBoooooooo!‚Äù",anger,joy,anger,anger,anger,joy,anger,anger,anger
44641,Buy YouTube Likes,neutral,neutral,anger,neutral,neutral,neutral,neutral,disgust,neutral
6293,a partner of mine made it -- it's just about my favorite meme ever,joy,joy,joy,joy,joy,joy,joy,joy,joy
16820,Lol ik it's just I wanted people to figure it out and not the bot to ruin it.,joy,sadness,sadness,sadness,sadness,joy,joy,neutral,joy
26889,"Great game, great soundtrack. He was like 19 or 20 when he did that too.",joy,joy,joy,joy,joy,joy,joy,joy,joy
39160,Ghost them. It‚Äôll drive them crazy and give you the satisfaction,neutral,joy,anger,joy,joy,anger,joy,joy,anger
29730,Didn't he steal something ludicrous like a diamond ring? Like is he a cartoon bad guy?,surprise,disgust,surprise,surprise,surprise,surprise,surprise,surprise,surprise
40509,What a beautiful memory for you to have found. So sorry for your loss ‚ù§Ô∏è,sadness,sadness,sadness,sadness,sadness,sadness,sadness,sadness,sadness
8854,"Only the fools would call Saigon the Pear of the Orient, haha. Stop sleeping on the past too much. And stop betraying your country",joy,disgust,anger,anger,anger,anger,anger,anger,anger
10856,In my few years playing I never knew this ... I feel so lost now,sadness,sadness,surprise,surprise,surprise,sadness,surprise,surprise,sadness
48199,I wish they had what they advertised. The end of that era was sometime in my teens.,joy,sadness,sadness,sadness,sadness,sadness,sadness,sadness,sadness
1454,‚ÄúIt‚Äôs not happening right in front of me if I don‚Äôt look at it.‚Äù,neutral,anger,anger,fear,anger,surprise,neutral,neutral,neutral
4136,"Maybe you should try watching it before commenting on it, otherwise your just posting from a position of ignorance. ",anger,anger,anger,anger,anger,anger,anger,anger,anger
28786,for sure not natty,neutral,disgust,anger,disgust,disgust,neutral,neutral,anger,neutral
18694,Please cut her off from your life. You don‚Äôt need to deal with this behaviour. Be safe and please take care.,joy,fear,joy,joy,joy,sadness,fear,fear,fear
25684,Classic [NAME] right there ü§£,neutral,joy,joy,joy,joy,joy,joy,joy,joy
27971,"they sounds like autistic meltdowns triggered by an immense fear of vomiting, nothing much to do",anger,neutral,anger,neutral,neutral,disgust,neutral,fear,disgust
3253,"Haven't listened to today's podcast yet, who did [NAME] kill?",surprise,surprise,surprise,surprise,surprise,surprise,surprise,neutral,neutral
12475,"No that's plenty, you've already proved the original comments point even further.",joy,joy,anger,neutral,,neutral,neutral,anger,neutral
9324,I'm fully erect tho and I still don't like them,anger,disgust,anger,disgust,disgust,neutral,disgust,anger,anger
46936,"Counterpoint, ACAB.",neutral,disgust,anger,disgust,disgust,anger,anger,anger,anger
10190,I‚Äôm tired from working hard and I want someone to snuggle me to sleep,fear,joy,sadness,sadness,sadness,sadness,sadness,sadness,sadness
11965,Misogynist! Anti-women! Bigot!,neutral,disgust,anger,anger,anger,anger,anger,anger,anger
46391,The one who accidently paid 1 cent less couldn't have just given the other dumb bitch a penny? smdh,neutral,anger,anger,anger,anger,anger,anger,anger,anger
28630,Would be better if not for the stupid gas mask. Should have had it's own comissar cap instead!,neutral,sadness,anger,anger,anger,anger,anger,anger,anger
24990,I was going for r/truthtoirony,neutral,neutral,sadness,neutral,neutral,neutral,neutral,neutral,neutral
31313,But the right to not have your property taken away from you is a right.,joy,anger,anger,neutral,anger,neutral,neutral,anger,neutral
33165,"Constitution don't work that way. Burden is always on the Crown, defendant is always presumed innocent. This won't survive the first challenge.",neutral,neutral,anger,anger,anger,anger,neutral,anger,neutral
48024,"That's a good idea, I'm going to have to make some room! Thank you. ",joy,joy,surprise,joy,joy,joy,joy,joy,joy
26105,/u/skyboundIan no spoilers in the trailer pretty please :D,neutral,neutral,joy,anger,,joy,joy,joy,joy
13020,To be fair he probably is saying that.,joy,joy,neutral,neutral,neutral,neutral,neutral,neutral,neutral
37069,I hope you‚Äôre okay. I‚Äôm here to talk if you need someone,joy,joy,joy,sadness,joy,sadness,joy,joy,joy
38732,Bitch ass n*** [NAME] rooting for [NAME],anger,disgust,anger,anger,anger,anger,anger,anger,anger
10163,For those behind stupid WaPo,anger,disgust,anger,anger,anger,anger,anger,anger,anger
17563,"Damn, I didn‚Äôt see any monkeys when I was there! What a ripoff.",anger,anger,anger,anger,anger,anger,anger,sadness,anger
48865,::but I like baby bangs:: /tiny voice,love,joy,fear,joy,joy,joy,joy,neutral,joy
38150,"Not really. Also it‚Äôs Winnipeg, sorry we don‚Äôt have the population of Tokyo...",sadness,anger,anger,sadness,anger,anger,neutral,anger,neutral
1900,"Yay, now we're only down by 7",joy,joy,anger,joy,joy,joy,joy,joy,joy
39452,"Wow, 5 downvotes in 3 minutes. Go you!",surprise,disgust,anger,joy,,joy,surprise,surprise,surprise
25204,100% yes. My sister's ex is an actual monster but my niece still sees his family.,joy,joy,joy,disgust,joy,sadness,anger,anger,anger
40107,I'M HERE,neutral,joy,joy,neutral,joy,anger,neutral,neutral,neutral
37932,"Yeah it‚Äôs a repost, I saw this same exact post in a different subreddit couple months ago",joy,anger,joy,neutral,,surprise,neutral,neutral,neutral
8127,"Huh. Similar things happen to me. Just my big brother believe that I got the wrong diagnoses and Dad think I am ""cured"".",surprise,anger,sadness,surprise,,sadness,anger,sadness,neutral
16236,"Cheers man, will be taking it easy for sure. ",joy,joy,joy,joy,joy,joy,joy,joy,joy
1727,sorry should clarify ... have dinner / drinks and then go our separate ways to other events that night.,sadness,neutral,sadness,neutral,neutral,neutral,neutral,neutral,neutral
42790,"Yep California, I would've been surprised if they cleared him.",joy,sadness,sadness,surprise,sadness,surprise,surprise,surprise,surprise
27483,This dvd must be pretty hard to come by if it‚Äôs going for $49... thank you though I appreciate it.,joy,joy,surprise,joy,joy,joy,joy,neutral,joy
41632,"Reminds me of ""It's your city!"" back in The Flash 2X08.",neutral,joy,joy,neutral,joy,neutral,joy,neutral,neutral
6658,"I'm more than sure we [NAME] lovers feel the same way, her outfits are awful",disgust,disgust,disgust,disgust,disgust,disgust,disgust,anger,disgust
14535,Yeah for me it takes me weeks to get over s relapse,neutral,neutral,sadness,sadness,sadness,sadness,sadness,sadness,sadness
22613,Don't get your hopes up; apparently car seats also cause autism:,neutral,disgust,anger,anger,anger,sadness,disgust,anger,anger
6897,The glorious people's republic of Ulster formed from the ashes of carson's arse hairs,neutral,anger,anger,anger,anger,anger,anger,disgust,joy
34992,So good.,joy,joy,joy,joy,joy,joy,joy,joy,joy
40343,[NAME] I wish that was a more active sub :(,joy,sadness,sadness,sadness,sadness,sadness,sadness,sadness,sadness
34808,"Happy to not only have the same birthday as him, but to also have a ball he threw into the stands after the middle of the 9th inning. ",joy,joy,joy,joy,joy,joy,joy,joy,joy
13768,[NAME] is honestly really badass and he has a great design I hope they give him something good to do in 11,joy,joy,joy,joy,joy,joy,joy,joy,joy
43283,I'm sad can someone make me feel better Feel like shit rn just want [NAME] back,sadness,sadness,sadness,sadness,sadness,sadness,sadness,sadness,sadness
40215,Who wrote the IQ tests?,surprise,surprise,surprise,surprise,surprise,neutral,neutral,neutral,neutral
38491,They're probably usually too fixated on how they look to even consider their surroundings,neutral,disgust,anger,anger,anger,disgust,disgust,anger,disgust
28932,Remind me! 6 months,neutral,neutral,neutral,neutral,neutral,neutral,neutral,neutral,neutral
6748,I‚Äôd love that luxury of time.,love,sadness,fear,joy,,sadness,joy,sadness,joy
13403,Never heard of the artist or the song. But it sounds really great! Thank you for sharing!,joy,joy,joy,joy,joy,joy,joy,joy,joy
10852,What a legend.,joy,joy,joy,joy,joy,joy,joy,joy,joy
10681,He literally laid in pain on the ground after the fight longer than the loser did,sadness,joy,joy,anger,joy,anger,anger,sadness,neutral
24907,Someone on live chat of the reveal stream said how he actually got confused why they were show casing a Scarlet skin,surprise,joy,sadness,surprise,,surprise,neutral,neutral,neutral
43692,"Almost in tears watching him celebrate, true captain ‚ù§Ô∏è",joy,joy,joy,joy,joy,joy,joy,joy,joy
12897,Thank goodness for that!,joy,joy,joy,joy,joy,joy,joy,joy,joy
7717,[NAME] will find his form again. I‚Äôm keen to see him link up with [NAME],neutral,joy,joy,joy,joy,joy,joy,joy,joy
22649,"Wish I had something better for you but best of luck to you, this situation sucks ",joy,sadness,joy,joy,joy,sadness,sadness,sadness,sadness
27994,Neko Atsume is a really wholesome and cozy game too!,neutral,joy,joy,joy,joy,joy,joy,joy,joy
43342,"Hope you're not [RELIGION], 'cause that ain't kosher... ",joy,disgust,anger,disgust,disgust,disgust,neutral,disgust,anger
14005,Yikes hope hes ok,neutral,joy,joy,sadness,joy,sadness,surprise,fear,fear
11739,Dems can end this. They chose not to.,neutral,disgust,anger,disgust,disgust,anger,anger,anger,anger
43785,It also makes me cry! but because it shows how far [NAME] has fallen...,sadness,sadness,sadness,sadness,sadness,sadness,sadness,sadness,sadness
12079,Wow. I hope that asst manager will be looking for a new job soon.,anger,anger,anger,anger,anger,anger,surprise,anger,anger
32313,The best timeline,joy,joy,joy,joy,joy,neutral,joy,joy,joy
29539,Does she not know how cups work?,surprise,disgust,anger,surprise,,anger,surprise,anger,anger
44899,Each season gets better and better with season 3 or something you should go back and see what happened.,neutral,joy,joy,joy,joy,joy,joy,joy,joy
44370,Here's a purple heart for you recapping that! OMG matching romantic scoots I'm cryin',sadness,joy,joy,joy,joy,joy,joy,joy,joy
13421,This sum GTA 5 type shit right here.,anger,surprise,anger,neutral,,anger,disgust,joy,neutral
25030,"This is the most scary [NAME] can ever be to me, cause it‚Äôs also the most real he could ever be üòÇ",fear,fear,fear,fear,fear,joy,fear,fear,joy
37850,I'm so sorry that your partner doesn't understand that you no longer want to put hormones in your body.,sadness,sadness,sadness,anger,sadness,sadness,sadness,sadness,sadness
22525,Her absence is probably the greatest present she can give you. Enjoy it while you can.,joy,joy,anger,anger,anger,sadness,anger,disgust,anger
47552,Hi I'm a Thrashers fan! My family was 33rd to pick tickets in Atlanta in for the '99 inaugural season,neutral,joy,joy,joy,joy,joy,joy,neutral,joy
8905,"Which sucks, because it's a *bitch* to find replacements for those.",anger,sadness,sadness,anger,sadness,anger,anger,anger,anger
3812,when my egg cracked I went through like every teen girl phase in the space of 2 months lol,joy,joy,sadness,sadness,sadness,joy,joy,joy,joy
29631,She looks like a televangelist.,joy,disgust,anger,disgust,disgust,disgust,disgust,disgust,disgust
46368,This jokes a name changer,joy,neutral,joy,joy,joy,anger,neutral,neutral,neutral
16685,Aaaaaand he will be feeling that in the morning,neutral,joy,joy,sadness,joy,neutral,anger,disgust,joy
3459,If I haven‚Äôt told you lately...I love you and you are my hero. ‚ù§Ô∏è‚ù§Ô∏è‚ù§Ô∏è,love,joy,joy,joy,joy,joy,joy,joy,joy
33269,This comment has been removed for breaking rule #8.,anger,neutral,neutral,neutral,neutral,neutral,neutral,neutral,neutral
29125,0% But then again most of us on here aren't placing top 8 at majors so that could factor in,anger,sadness,anger,neutral,,anger,neutral,neutral,neutral
4495,Just rephrased it into two sentences for you. It's a great story!,joy,joy,joy,joy,joy,joy,joy,joy,joy
22670,I agree 100%,joy,joy,joy,joy,joy,joy,joy,joy,joy
419,"I'm curious though, will they upvote it to own the ~~libs~~ [NAME]?",surprise,disgust,anger,surprise,,joy,surprise,anger,anger
27478,No lights are a problem for the people in front of you. Not the offender.,neutral,anger,anger,anger,anger,anger,neutral,anger,neutral
35751,Do you want to be promoted to Secreatary of State for the US?,surprise,surprise,joy,surprise,surprise,joy,neutral,surprise,neutral
18032,"np, good luck",joy,joy,joy,joy,joy,neutral,neutral,neutral,neutral
8010,"Been there, done that. Still alive and remarkably healthy at 51. The body is tremendously resilient",neutral,joy,joy,joy,joy,joy,joy,joy,joy
7016,You really going to claim our foreign policy is equivalent to that of Iran and Russia?,surprise,anger,anger,surprise,anger,anger,surprise,anger,anger
36945,this sort of creativity is awesome to see. play calling done right. chargers going to stomp the pats this weekend,joy,joy,joy,joy,joy,joy,joy,joy,joy
23969,Ha jokes on you guys we still use paper charts,joy,sadness,anger,joy,,joy,joy,joy,joy
14336,"I find it sadly ironic that a man's job is to protect his family, yet if he's alone with his children they question their safety.",sadness,sadness,anger,disgust,,sadness,sadness,sadness,sadness
43912,Maybe you just enjoy the process of digging? Does it have to be somebody you‚Äôre attracted to or have you tried stalking a random person?,neutral,surprise,surprise,surprise,surprise,anger,anger,anger,anger
36067,"I let my cat lick the leftover milk out of the bowl after I eat cereal, he loves it. ",love,joy,joy,joy,joy,joy,joy,joy,joy
21969,"They can all argue as much as they want, life simply doesn't work that way. lol",neutral,anger,anger,neutral,anger,joy,neutral,neutral,neutral
38144,Lol I do the same. Sometimes it gets stuck in my head for days.,joy,joy,joy,neutral,joy,joy,joy,joy,joy
29388,I know plenty of [NAME] that look down on ‰∏≠ÂõΩ‰∫∫ Like they‚Äôve forgotten the whole reason Singapore exists,neutral,anger,anger,anger,anger,anger,disgust,anger,anger
6013,"I know right, im pre everything but sometimes i paint my nails and people will tell me how much they look like a womands hands.",joy,joy,surprise,joy,joy,sadness,neutral,neutral,neutral
32026,Try to be rational instead of angry.,neutral,anger,anger,neutral,anger,anger,neutral,anger,anger
45514,I don‚Äôt care about this mission Texas stuff,anger,anger,anger,anger,anger,neutral,neutral,neutral,neutral
11105,Funny how it do,joy,joy,joy,surprise,joy,joy,joy,joy,joy
8958,I'll miss the podcast,sadness,sadness,sadness,sadness,sadness,sadness,sadness,sadness,sadness
20205,Could you imagine the outrage if Canada rescued one of our citizens from the Saudi courts,surprise,anger,anger,surprise,anger,anger,anger,anger,anger
41654,You‚Äôre an inspiration,joy,joy,joy,joy,joy,joy,joy,joy,joy
24844,Idk if I want [NAME] back but I agree with [NAME] ONLY if he keeps playing at this level by the end of he season.,surprise,joy,joy,fear,joy,neutral,neutral,neutral,neutral
16951,Just doesn't really work if the DM doesn't want it to...,anger,neutral,sadness,sadness,sadness,neutral,neutral,neutral,neutral
18777,"As much as I love the dodgers, I can‚Äôt see them in the World Series 3 times in a row... so yeah, backwards.",love,neutral,sadness,sadness,sadness,sadness,surprise,neutral,neutral
37845,"I don‚Äôt have a problem with diversity, I just wish it wasn‚Äôt so **obvious**",neutral,anger,anger,disgust,anger,disgust,anger,anger,anger
16025,I fat fingered it haha I meant 18,joy,sadness,sadness,neutral,sadness,joy,joy,joy,joy
45020,Ooh! I quite like the swimming pool of makeup as well.,joy,joy,disgust,disgust,disgust,joy,joy,joy,joy
34360,I feel retarded because i laughed,joy,sadness,disgust,sadness,sadness,sadness,sadness,sadness,sadness
1263,"> You first. Really. I have. I reject both, but I can do it separately because they're not necessarily correlated beliefs.",neutral,anger,anger,neutral,anger,anger,neutral,anger,neutral
16561,It is if you're a loose spool.,neutral,anger,anger,neutral,anger,neutral,anger,anger,anger
2437,Yeah I know u irl you look like ur 36.,neutral,disgust,anger,neutral,,disgust,neutral,anger,anger
1686,I'M SHERRIFF JOHN BUNNELL,neutral,neutral,joy,neutral,neutral,surprise,neutral,joy,neutral
7867,Zionism is the ISIS of [RELIGION]. Brainwashed idiots like ISIS.,anger,disgust,anger,disgust,disgust,anger,anger,anger,anger
35142,"Sadly, it was not",sadness,sadness,sadness,sadness,sadness,sadness,sadness,sadness,sadness
16031,I love to see the Celtics give up [NAME] and [NAME] only to have [NAME] walk to literally any other team,love,joy,anger,anger,anger,joy,joy,joy,joy
8021,This wasn‚Äôt last year. It was last century! Star Wars had just come out!,neutral,surprise,anger,surprise,surprise,surprise,neutral,surprise,surprise
11894,I did this with tuna salad. I already ate tuna a lot (at the time) and it‚Äôs a decently blank slate.,neutral,joy,joy,surprise,joy,neutral,neutral,neutral,neutral
32032,I love how dramatic it is. It's perfectly self aware,love,joy,joy,joy,joy,joy,joy,joy,joy
22189,I am so relieved,joy,joy,joy,joy,joy,joy,joy,joy,joy
45855,I sense no awful taste here.,disgust,joy,joy,neutral,joy,neutral,neutral,neutral,neutral
8932,Want to get a hangover there üëçüï∫‚ù§Ô∏è,joy,joy,joy,joy,joy,joy,joy,joy,joy
